Workbook

Sheet README
A1: TRPL — Living Building Challenge Petal Tracker
A2: Manual documentation log for LBC 4.0 · pairs with the live energy/water dashboard
A5: HOW TO USE
A6: • Each petal has its own tab. Update the shaded cells: Applies?, Status, % Complete, Evidence link, Owner, Notes, Last Updated.
A7: • Status options: Not Started / In Progress / Documented / Verified / Not Applicable (dropdown).
A8: • % Complete drives the roll-up on the Summary tab, which the lobby dashboard can read.
A10: TABS
A11: • Place, Health + Happiness, Materials, Equity, Beauty → documented petals (manual).
A12: • Water (LIVE + docs), Energy (LIVE + docs) → metered by EcoStruxure; imperatives listed here for the paperwork side.
A13: • Summary → auto roll-up of status counts and average completion per petal.
A15: NOTE ON ACCURACY
A16: Imperative names/numbers follow LBC 4.0. Confirm against the official Standard PDF (living-future.org) before publishing certification claims.
A18: Created 2026-07-30.

Sheet Place
A1: Place Petal
A2: LBC 4.0 imperatives — update the yellow cells
A4: Imperative | B4: Name | C4: Requirement | D4: Applies? | E4: Status | F4: % Complete | G4: Evidence / Doc link | H4: Owner | I4: Notes | J4: Last Updated
A5: 01 | B5: Ecology of Place | C5: Protect/restore site ecology; build only on appropriate sites. | D5: Yes | E5: Not Started | F5: 0
A6: 02 | B6: Urban Agriculture | C6: Provide on-site food production appropriate to density (FAR-based). | D6: Yes | E6: Not Started | F6: 0
A7: 03 | B7: Habitat Exchange | C7: Set aside/steward land equal to project footprint. | D7: Yes | E7: Not Started | F7: 0
A8: 04 | B8: Human-Powered Living | C8: Support walking/cycling/transit; limit car dependence. | D8: Yes | E8: Not Started | F8: 0

Sheet Health and Happiness
A1: Health + Happiness Petal
A2: LBC 4.0 imperatives — update the yellow cells
A4: Imperative | B4: Name | C4: Requirement | D4: Applies? | E4: Status | F4: % Complete | G4: Evidence / Doc link | H4: Owner | I4: Notes | J4: Last Updated
A5: 09 | B5: Healthy Interior Environment | C5: Ventilation, low-tox materials, entry dirt-track control. | D5: Yes | E5: Not Started | F5: 0
A6: 10 | B6: Healthy Interior Performance | C6: Post-occupancy air-quality testing & monitoring. | D6: Yes | E6: Not Started | F6: 0
A7: 11 | B7: Access to Nature | C7: Direct connections to nature for occupants (biophilia). | D7: Yes | E7: Not Started | F7: 0

Sheet Materials
A1: Materials Petal
A2: LBC 4.0 imperatives — update the yellow cells
A4: Imperative | B4: Name | C4: Requirement | D4: Applies? | E4: Status | F4: % Complete | G4: Evidence / Doc link | H4: Owner | I4: Notes | J4: Last Updated
A5: 12 | B5: Responsible Materials | C5: Materials strategy across the project. | D5: Yes | E5: Not Started | F5: 0
A6: 13 | B6: Red List | C6: Avoid Red List chemicals/materials. | D6: Yes | E6: Not Started | F6: 0
A7: 14 | B7: Responsible Sourcing | C7: Advocacy + responsible industry/product sourcing. | D7: Yes | E7: Not Started | F7: 0
A8: 15 | B8: Living Economy Sourcing | C8: Source within defined distance bands to support local economy. | D8: Yes | E8: Not Started | F8: 0
A9: 16 | B9: Net Positive Waste | C9: Divert construction & operational waste; reuse. | D9: Yes | E9: Not Started | F9: 0

Sheet Equity
A1: Equity Petal
A2: LBC 4.0 imperatives — update the yellow cells
A4: Imperative | B4: Name | C4: Requirement | D4: Applies? | E4: Status | F4: % Complete | G4: Evidence / Doc link | H4: Owner | I4: Notes | J4: Last Updated
A5: 17 | B5: Universal Access | C5: Equitable access to the building & its services for all. | D5: Yes | E5: Not Started | F5: 0
A6: 18 | B6: Inclusion | C6: JUST label / equitable, inclusive operations & labor. | D6: Yes | E6: Not Started | F6: 0

Sheet Beauty
A1: Beauty Petal
A2: LBC 4.0 imperatives — update the yellow cells
A4: Imperative | B4: Name | C4: Requirement | D4: Applies? | E4: Status | F4: % Complete | G4: Evidence / Doc link | H4: Owner | I4: Notes | J4: Last Updated
A5: 19 | B5: Beauty + Biophilia | C5: Design for beauty & a biophilic environment. | D5: Yes | E5: Not Started | F5: 0
A6: 20 | B6: Education + Inspiration | C6: Public education, tours, interpretive/educational materials. | D6: Yes | E6: Not Started | F6: 0

Sheet Water (LIVE + docs)
A1: Water (LIVE + docs) Petal
A2: LBC 4.0 imperatives — update the yellow cells
A4: Imperative | B4: Name | C4: Requirement | D4: Applies? | E4: Status | F4: % Complete | G4: Evidence / Doc link | H4: Owner | I4: Notes | J4: Last Updated
A5: 05 | B5: Responsible Water Use | C5: Reduce use vs baseline; no potable for irrigation. [Metered] | D5: Yes | E5: Not Started | F5: 0
A6: 06 | B6: Net Positive Water | C6: Water in harmony with natural flows; capture/reuse. [Metered] | D6: Yes | E6: Not Started | F6: 0

Sheet Energy (LIVE + docs)
A1: Energy (LIVE + docs) Petal
A2: LBC 4.0 imperatives — update the yellow cells
A4: Imperative | B4: Name | C4: Requirement | D4: Applies? | E4: Status | F4: % Complete | G4: Evidence / Doc link | H4: Owner | I4: Notes | J4: Last Updated
A5: 07 | B5: Energy + Carbon Reduction | C5: Meet EUI target; reduce embodied carbon. [Metered] | D5: Yes | E5: Not Started | F5: 0
A6: 08 | B6: Net Positive Carbon | C6: Supply 105% of energy from on-site renewables. [Metered] | D6: Yes | E6: Not Started | F6: 0

Sheet Summary
A1: Certification Summary
A2: Auto roll-up — the lobby dashboard can read this tab
A4: Petal | B4: Imperatives | C4: Verified | D4: Documented | E4: In Progress | F4: Not Started | G4: Avg % Complete
A5: Place | B5: =COUNTA(Place!B5:B8) -> 4 | C5: =COUNTIF(Place!E5:E8,"Verified") -> 0 | D5: =COUNTIF(Place!E5:E8,"Documented") -> 0 | E5: =COUNTIF(Place!E5:E8,"In Progress") -> 0 | F5: =COUNTIF(Place!E5:E8,"Not Started") -> 4 | G5: =IFERROR(AVERAGE(Place!F5:F8),0) -> 0
A6: Health + Happiness | B6: =COUNTA('Health and Happiness'!B5:B7) -> 3 | C6: =COUNTIF('Health and Happiness'!E5:E7,"Verified") -> 0 | D6: =COUNTIF('Health and Happiness'!E5:E7,"Documented") -> 0 | E6: =COUNTIF('Health and Happiness'!E5:E7,"In Progress") -> 0 | F6: =COUNTIF('Health and Happiness'!E5:E7,"Not Started") -> 3 | G6: =IFERROR(AVERAGE('Health and Happiness'!F5:F7),0) -> 0
A7: Materials | B7: =COUNTA(Materials!B5:B9) -> 5 | C7: =COUNTIF(Materials!E5:E9,"Verified") -> 0 | D7: =COUNTIF(Materials!E5:E9,"Documented") -> 0 | E7: =COUNTIF(Materials!E5:E9,"In Progress") -> 0 | F7: =COUNTIF(Materials!E5:E9,"Not Started") -> 5 | G7: =IFERROR(AVERAGE(Materials!F5:F9),0) -> 0
A8: Equity | B8: =COUNTA(Equity!B5:B6) -> 2 | C8: =COUNTIF(Equity!E5:E6,"Verified") -> 0 | D8: =COUNTIF(Equity!E5:E6,"Documented") -> 0 | E8: =COUNTIF(Equity!E5:E6,"In Progress") -> 0 | F8: =COUNTIF(Equity!E5:E6,"Not Started") -> 2 | G8: =IFERROR(AVERAGE(Equity!F5:F6),0) -> 0
A9: Beauty | B9: =COUNTA(Beauty!B5:B6) -> 2 | C9: =COUNTIF(Beauty!E5:E6,"Verified") -> 0 | D9: =COUNTIF(Beauty!E5:E6,"Documented") -> 0 | E9: =COUNTIF(Beauty!E5:E6,"In Progress") -> 0 | F9: =COUNTIF(Beauty!E5:E6,"Not Started") -> 2 | G9: =IFERROR(AVERAGE(Beauty!F5:F6),0) -> 0
A10: Water (LIVE + docs) | B10: =COUNTA('Water (LIVE + docs)'!B5:B6) -> 2 | C10: =COUNTIF('Water (LIVE + docs)'!E5:E6,"Verified") -> 0 | D10: =COUNTIF('Water (LIVE + docs)'!E5:E6,"Documented") -> 0 | E10: =COUNTIF('Water (LIVE + docs)'!E5:E6,"In Progress") -> 0 | F10: =COUNTIF('Water (LIVE + docs)'!E5:E6,"Not Started") -> 2 | G10: =IFERROR(AVERAGE('Water (LIVE + docs)'!F5:F6),0) -> 0
A11: Energy (LIVE + docs) | B11: =COUNTA('Energy (LIVE + docs)'!B5:B6) -> 2 | C11: =COUNTIF('Energy (LIVE + docs)'!E5:E6,"Verified") -> 0 | D11: =COUNTIF('Energy (LIVE + docs)'!E5:E6,"Documented") -> 0 | E11: =COUNTIF('Energy (LIVE + docs)'!E5:E6,"In Progress") -> 0 | F11: =COUNTIF('Energy (LIVE + docs)'!E5:E6,"Not Started") -> 2 | G11: =IFERROR(AVERAGE('Energy (LIVE + docs)'!F5:F6),0) -> 0
A12: TOTAL / AVG | B12: =SUM(B5:B11) -> 20 | C12: =SUM(C5:C11) -> 0 | D12: =SUM(D5:D11) -> 0 | E12: =SUM(E5:E11) -> 0 | F12: =SUM(F5:F11) -> 20 | G12: =IFERROR(AVERAGE(G5:G11),0) -> 0
